Track Name,Album Name,Artist Name(s),Release Date,Popularity,Genres,Danceability,Energy,Key,Speechiness,Acousticness,Instrumentalness,Liveness,Tempo,Song Number,Message
La bohème,La Bohème,Charles Aznavour,1966,15,chanson,0.377,0.337,0,0.0341,0.808,0.0,0.238,117.316,1,"How it all started..."
Say Yes,Either/Or,Elliott Smith,1997-02-25,61,"alternative rock,indie rock,melancholia,singer-songwriter",0.501,0.0903,5,0.0509,0.866,0.000243,0.11,153.441,2,A personal favourite of mine (his best imo)
Highway,SYNFUELS,Elusin,2022-09-27,58,"cloud rap,zoomergaze",0.24,0.575,0,0.0331,0.664,0.965,0.12,89.884,3,"Hyperpop Ethel Cain? I listened to this song sooo much while driving back to school before 2nd Year"
She Belongs to Me,Bringing It All Back Home,Bob Dylan,1965-03-22,45,"classic rock,country rock,folk,folk rock,rock,roots rock,singer-songwriter",0.729,0.382,9,0.0367,0.696,0.0,0.152,112.179,4,One of my favourite Dylan ballads
Heaven,Mirror Moves,The Psychedelic Furs,1984-03-01,43,"alternative rock,new romantic,new wave,new wave pop,post-punk",0.546,0.615,0,0.0334,0.179,3.35e-06,0.0828,137.434,5,"I've had dream where we dance to this song for hours"
Hurry Up This Way Again,Hurry Up This Way Again,The Stylistics,1980,42,"classic soul,disco,funk,motown,philly soul,quiet storm,soul",0.765,0.572,9,0.0508,0.279,0.000416,0.0669,149.829,6,Just classic soul
Supercut,Melodrama,Lorde,2017-06-16,72,"art pop,metropopolis,nz pop,pop",0.562,0.437,0,0.052,0.219,2.18e-05,0.0806,124.852,7,Perfect roadtrip song
Everywhere,Tango In the Night,Fleetwood Mac,1987-04-13,79,"album rock,classic rock,rock,soft rock,yacht rock",0.73,0.487,4,0.0303,0.258,0.01,0.0852,114.965,8,"I remmber one night I couldn't sleep, so I turned on my radio and this song was playing and I got out of bed to write down its title so I could play it again in the morning"
I Gotta Find Peace of Mind, I Gotta Find Peace of Mind,Ms. Lauryn Hill,2002-05-07,57,"alternative r&b,conscious hip hop,hip hop,neo soul,new jersey rap,r&b",0.495,0.505,7,0.409,0.813,2.01e-06,0.117,173.612,9,This song is so raw you can hear her tear up during the performance
Moon River,Moon River,Frank Ocean,2018-02-14,74,"lgbtq+ hip hop,neo soul",0.24,0.116,0,0.0329,0.877,0.00092,0.1,77.349,10,"This is a cover of the Audrey Hepburn performance in Breakfast at Tiffany's"
Circles,American Love Call,"Durand Jones & The Indications,Durand Jones",2019-03-01,47,souldies,0.529,0.554,4,0.062,0.25,1.73e-05,0.225,205.736,11,I neeeeed to see this song live
AMERICA HAS A PROBLEM,AMERICA HAS A PROBLEM,"Beyoncé, Kendrick Lamar",2023-05-19,62,"pop,r&b,conscious hip hop,hip hop,rap,west coast rap",0.784,0.7,1,0.0396,0.0112,1.76e-05,0.163,126.015,12,"I first heard this song in the Louvre (yeah, I've been to Paris - no big deal)"
Fade Into You,So Tonight That I Might See,Mazzy Star,1993-10-05,82,"dream pop,melancholia,shoegaze,slowcore",0.417,0.33,9,0.0275,0.247,0.000689,0.0677,157.113,13,My mom used to play this album in the house before it was coerced by TikTok
Baby Blue,6 Feet Beneath The Moon,King Krule,2013-08-24,49,uk alternative pop,0.461,0.331,3,0.0359,0.613,0.00104,0.129,102.488,14,This was the day I saw King Krule live with Marty and Rosy (and had my first cigarette)
Falling Apart,Moveys,Slow Pulp,2020-10-09,64,"bubblegrunge,chicago indie,countrygaze,midwest shoegaze,nu gaze",0.666,0.558,11,0.0296,0.402,0.00805,0.135,146.003,15,"I love when this song comes on when we're playing music in your kitchen and we sing it together under our breaths"
Official,Charli,Charli xcx,2019-09-13,43,"art pop,candy pop,metropopolis,pop,uk pop",0.472,0.29,0,0.0436,0.706,1.13e-06,0.0906,192.049,16,This is still my favourite song of hers
You're Not The Only One I Know,"Reading, Writing & Arithmetic",The Sundays,1990-01-15,19,"dream pop,lilith",0.568,0.468,0,0.0264,0.512,0.0,0.337,97.952,17,This is another group my mom introduced me to
A Sunday Kind Of Love,At Last!,Etta James,1960,71,"jazz blues,soul,soul blues,torch song,vocal jazz",0.421,0.285,2,0.0293,0.829,1.55e-06,0.233,85.861,18,I sent you this song while I rode the bus back to my apartement after staying at yours for one of the first times
Helpline Operator,Dusk,The The,1993,30,"new romantic,new wave,post-punk,uk post-punk",0.524,0.623,8,0.0329,0.00513,0.0816,0.146,180.073,19,"When I worked at the College, I played this so often, riding my mower"
Back to the Old House - John Peel Session,Hatful of Hollow,The Smiths,1984,48,"madchester,new wave,permanent wave,rock,uk post-punk",0.56,0.328,3,0.0295,0.904,0.0356,0.137,109.631,20,My favourite Smiths song
Aline,Aline,Christophe,2013-03-18,1,"chanson,vintage french electronic",0.274,0.73,0,0.0332,0.431,1.92e-05,0.325,178.655,21,I remember you saying this brought back childhood memories
Massive,"Honestly, Nevermind",Drake,2022-06-17,67,"canadian hip hop,canadian pop,hip hop,pop rap,rap",0.499,0.671,4,0.0561,0.114,0.0169,0.148,124.994,22,Maria and I play this before every major hike we do
Friday I'm in Love,Wish,The Cure,1992-04-21,67,"new wave,permanent wave,rock,uk post-punk",0.526,0.762,0,0.0342,0.000972,0.000116,0.338,136.203,23,One of the best karaoke songs of all time
太陽さん,マホロボシヤ,Ichiko Aoba,2016-10-19,54,j-acoustic,0.44,0.0353,6,0.0522,0.99,0.00312,0.108,181.988,24,"Ichiko is my comfort artist; sometimes I try to imagine what she's saying and paint her words in my mind"
Love Songs on the Radio,Ask Me Tomorrow,Mojave 3,1995-10-16,57,"dream pop,slowcore",0.457,0.25,2,0.0269,0.899,0.0896,0.109,145.879,25,Annie introduced me to this group
Oh! You Pretty Things,Hunky Dory,David Bowie,1971-12-17,56,"art rock,classic rock,glam rock,permanent wave,rock",0.557,0.277,6,0.035,0.797,0.0,0.0984,76.328,26,"This is a fvourite of Carson's"
Bobcaygeon,Phantom Power,The Tragically Hip,1998-01-01,55,"canadian rock,kingstonn indie,ontario indie,rock",0.391,0.755,7,0.0416,0.182,0.58,0.174,170.333,27,"This is the song of my childhood; it was on every roadtrip mix we made"
Bizarre Love Triangle,Brotherhood,New Order,1986-09-29,64,"alternative rock,dance rock,madchester,new romantic,new wave,permanent wave,post-punk,synthpop,uk post-punk",0.613,0.885,10,0.052,0.0804,0.746,0.0997,118.506,28,"The week I played this song for Finn, he played it in the apartement every morning for us. Nolan and I would scramble ot of our rooms and he would greet us, dancing and cooking eggs"
Blue Moon,Solitude,Billie Holiday,1956-01-01,66,"adult standards,harlem renaissance,jazz,jazz blues,soul,swing,torch song,vocal jazz",0.64,0.27,8,0.0702,0.982,0.122,0.141,124.323,29,This used to be my go-to study album
Dreams Tonite,Antisocialites,Alvvays,2017-09-08,38,"art pop,chamber pop,dream pop,dreamo,indie pop,indie rock,noise pop,shoegaze,toronto indie",0.511,0.622,2,0.0242,0.0108,4.51e-06,0.127,99.934,30,Carson gifted me this album on CD the morning I left for university
Clementine,Elliott Smith,Elliott Smith,1995-07-01,54,"alternative rock,indie rock,melancholia,singer-songwriter",0.583,0.172,0,0.0453,0.202,0.57,0.134,141.983,31,"Erik's favourite song of all time; he would always play it when we hung out and would shush us to sing the chorus"0
I Want You,I Want You,Marvin Gaye,1976-03-16,60,"classic soul,motown,neo soul,northern soul,quiet storm,soul",0.515,0.793,1,0.034,0.849,0.317,0.236,100.551,32,There was strong subliminal messaging doing on when I sent you this song
Eternal Life,Grace,Jeff Buckley,1994,53,"melancholia,permanent wave,singer-songwriter",0.514,0.983,9,0.0887,0.00179,1.22e-05,0.169,95.877,33,"One of the first albums I sent you, way back when, and for a day we traded lyrics from its songs over text"
The Lazarus Heart,...Nothing Like The Sun,Sting,1987-10-16,36,"permanent wave,soft rock,sophisti-pop",0.602,0.726,5,0.0452,0.0163,0.000559,0.331,120.012,34,"I sent you this song the day I asked you to be mine (in hindsight I should have sent you something more personal)"
Girlfriend Is Better,Speaking in Tongues,Talking Heads,1983-05-31,51,"alternative rock,art punk,dance rock,funk rock,new wave,permanent wave,post-punk,rock,zolo",0.865,0.752,7,0.0941,0.0892,0.000626,0.0401,118.649,35,"I had imagined sending you this song the day we went official from the moment I started Song of the Day, so I did (the next day)"
High,Big Day,Slow Pulp,2019-05-15,57,"bubblegrunge,chicago indie,countrygaze,midwest shoegaze,nu gaze",0.545,0.434,10,0.0292,0.157,2.63e-05,0.0828,139.828,36,"Our first concert as a couple! I would love to see them again soon"
Noblest Strive,333,Bladee,2020-07-16,41,"cloud rap,drain,glitchcore,underground hip hop",0.625,0.428,0,0.0783,0.582,9.03e-06,0.11,148.07,37,"YOU actually requested this as the Song of the Day and, in that moment, I knew you were the one"
#3,Selected Ambient Works Volume II,Aphex Twin,1994-03-07,60,"ambient,braindance,electronica,intelligent dance music,uk experimental electronic",0.159,0.071,6,0.0409,0.911,0.856,0.107,146.977,38,Marty and I would play this nearly everytime we hung out in 1st Year
Killer,Stranger in the Alps,Phoebe Bridgers,2017-09-22,55,"indie pop,la indie,pov: indie",0.326,0.127,0,0.0368,0.972,5.63e-06,0.113,171.668,39,"This pick brought you to tears, I remember"
Sugar for the Pill,Slowdive,Slowdive,2017-05-05,57,"alternative rock,dream pop,reading indie,shoegaze",0.534,0.536,7,0.0244,0.209,0.835,0.113,98.018,40,"I picked up this album on vinyl in Amsterdam (yeah, I've been to Amsterdam - not a big deal)"
Louise,French Exit,TV Girl,2014-06-05,68,pov: indie,0.727,0.919,0,0.0285,0.165,0.0111,0.306,115.816,41,Male Manipulator Must-Listen
Chan Chan - Live,Buena Vista Social Club at Carnegie Hall (Live),Buena Vista Social Club,2008-10-13,0,"latin jazz,musica tradicional cubana,world",0.442,0.863,4,0.0603,0.594,0.00032,0.981,155.225,42,A song our childhoods shared in common
Land: Horses / Land of a Thousand Dances / La Mer(de),Horses,Patti Smith,1975-12-13,28,"art punk,permanent wave,protopunk,singer-songwriter",0.478,0.639,9,0.274,0.0725,6.13e-05,0.28,148.555,43,PATTI!! When you said you enjoyed this album I knew I had to get you Just Kids
These Arms of Mine,Pain in My Heart,Otis Redding,1964,65,"classic soul,memphis soul,soul,soul blues,southern soul,vocal jazz",0.403,0.284,10,0.0338,0.798,0.0,0.142,176.537,44,One of the best vocalist ever
Didn't Cha Know,Mama's Gun,Erykah Badu,2000-10-31,70,"afrofuturism,alternative r&b,neo soul,r&b",0.753,0.472,3,0.121,0.484,0.0127,0.284,135.276,45,Peek music
cellophane,MAGDALENE,FKA twigs,2019-11-08,56,"afrofuturism,alternative r&b,art pop,escape room,experimental r&b,trip hop",0.431,0.284,2,0.0432,0.871,0.000136,0.0899,98.317,46,I had no idea what she looked like until I saw the music video for this song and was baffled
Strawberry Privilege,Heaven To A Tortured Mind,Yves Tumor,2020-04-03,42,"art pop,escape room,experimental pop,experimental r&b,hypnagogic pop",0.751,0.528,5,0.0494,0.498,0.799,0.126,117.969,47,"I LOVE THIS SONG!! Erik, Carson and I belched the lyrics together when we heard it live (best concert ever)"
Say Yes To Heaven,Say Yes To Heaven,Lana Del Rey,2023-05-19,83,"art pop,pop",0.485,0.348,6,0.0257,0.678,0.167,0.118,99.898,48,TikTok moment
A Forest,Seventeen Seconds,The Cure,1980-04-18,56,"new wave,permanent wave,rock,uk post-punk",0.633,0.62,0,0.0648,0.34,0.605,0.0977,81.117,49,"The first time I met your dad, I talked to him about this album"
Well I Wonder,Meat Is Murder,The Smiths,1985-02-11,64,"madchester,new wave,permanent wave,rock,uk post-punk",0.643,0.59,11,0.0284,0.0806,0.00578,0.174,126.651,50,"I urge you to listen to this album front to back because its such a strange experience; it's banger after banger until the last song, which is this strange, experimental, anti-meat-consumption song/rant"
Colouour,græ,Moses Sumney,2020-05-15,38,"alternative r&b,art pop,indie soul,la pop",0.329,0.268,9,0.0337,0.933,0.0728,0.103,94.99,51,I discovered this song with Carson when we challenged ourselves to listen to 3 albums a week for a year
Runner,Runner,Alex G,2022-06-21,43,"philly indie,pov: indie,slacker rock",0.732,0.703,11,0.0314,0.104,0.0417,0.109,108.979,52,"My first mistake! I accidentally sent this song to you twice over the course of the year. In my defence, both times I did, I was going for an early Roommate Run and it felt like a fitting anthem"
Halloween,Punisher,Phoebe Bridgers,2020-06-18,57,"indie pop,la indie,pov: indie",0.486,0.155,1,0.0376,0.938,0.1,0.1,122.459,53,Halloween Day 2023 (obviously)
Crimewave,Crystal Castles,Crystal Castles,2008-03-18,3,"alternative dance,bitpop,digital hardcore,indietronica,neo-synthpop,new rave,nintendocore",0.746,0.691,4,0.0403,0.184,0.0259,0.205,119.982,54,Fuck Ethan Kath
My Love Mine All Mine,The Land Is Inhospitable and So Are We,Mitski,2023-09-15,88,"brooklyn indie,pov: indie",0.504,0.308,9,0.0321,0.868,0.135,0.158,113.95,55,TikTok moment
Tomorrow Tomorrow,XO,Elliott Smith,1998-08-25,39,"alternative rock,indie rock,melancholia,singer-songwriter",0.37,0.322,5,0.0317,0.75,7.53e-05,0.223,82.229,56,My favourite Elliott Smith album
Can't Help Falling in Love,Dylan (1973),Bob Dylan,1973-11-16,26,"classic rock,country rock,folk,folk rock,rock,roots rock,singer-songwriter",0.471,0.32,4,0.035,0.375,2.12e-05,0.0729,143.086,57,"I had made a smaller, subsiduary playlist to this one of only love songs that made me think of you; this was the first song on the playlist"
Charcoal Baby,Negro Swan,Blood Orange,2018-08-24,63,"alternative r&b,art pop,escape room,indie soul,indietronica,metropopolis",0.622,0.46,7,0.0372,0.14,0.000369,0.119,183.241,58,"I remeber cooking dinner with you at yours, listening to this album"
Stephanie Says,VU,The Velvet Underground,1985-02-02,54,"alternative rock,melancholia,permanent wave,protopunk,rock",0.558,0.204,0,0.0333,0.851,0.000709,0.129,112.531,59,Can you believe they made this while of heroin?
Temptation,Substance,New Order,1987-08-17,54,"alternative rock,dance rock,madchester,new romantic,new wave,permanent wave,post-punk,synthpop,uk post-punk",0.6,0.881,0,0.0337,0.29,0.851,0.222,124.977,60,Perfect dance song
Is It Cold In The Water?,OIL OF EVERY PEARL'S UN-INSIDES,SOPHIE,2018-06-15,0,"art pop,bubblegum bass,deconstructed club,escape room,hyperpop,proto-hyperpop,transpop",0.233,0.39,0,0.0336,0.000781,0.000228,0.141,159.667,61,RIP love her
Limerence,Mono No Aware,Yves Tumor,2017-03-17,64,"art pop,escape room,experimental pop,experimental r&b,hypnagogic pop",0.325,0.322,8,0.03,0.887,0.214,0.118,182.073,62,I used to listen to this song so much I new when the thunder would rumble in the background based on how many times the vocals had looped
Teardrop,Mezzanine,"Massive Attack,Elizabeth Fraser",1998-01-01,70,"downtempo,electronica,trip hop,ethereal wave,scottish indie",0.615,0.419,11,0.0395,0.0173,0.497,0.135,76.997,63,It's said that this was Elizabeth Frase's farewell to Jeff Buckley (speculated to be a lover of hers)
That's Entertainment,Sound Affects,The Jam,1980-11-28,57,"mod revival,new romantic,new wave,punk,ska revival",0.567,0.653,0,0.0336,0.211,0.000489,0.0639,142.218,64,My mom gifted me this album on vinyl when I first started my collection becuase it's a 'must have'
Unpunishable,Inbred,Ethel Cain,2021-04-23,50,"countrygaze,indie pop,modern dream pop",0.413,0.408,0,0.0324,0.00477,0.0153,0.131,110.011,65,ETHEL!! One of my favourite off this album
Love$ick,Mura Masa,"Mura Masa, A$AP Rocky",2017-07-14,69,"channel islands indie,escape room,hyperpop,indie soul,vapor soul,east coast hip hop,hip hop,rap",0.625,0.763,8,0.129,0.147,0.0106,0.214,88.753,66,Song of the Summer circa 2017
Silver Soul,Teen Dream,Beach House,2010-01-26,67,"art pop,baltimore indie,dream pop,dreamo,indie rock,indietronica,modern dream pop,pov: indie",0.356,0.67,2,0.0324,0.467,0.000106,0.288,135.032,67,I discovered this song looking up the samples Kendrick Lamar used on his album good kid, m.A.A.d city (this appears on Money Trees)
The Parting Glass,The Parting Glass,"boygenius, Ye Vagabonds",2023-11-17,51,"indie pop,pov: indie,irish folk,irish neo-traditional",0.329,0.0921,1,0.0321,0.931,0.0,0.151,77.424,68,RIP Sinéad O'Connor
Archangel,Untrue,Burial,2007,45,"classic dubstep,electronica,future garage,hauntology,intelligent dance music,trip hop,uk bass,wonky",0.622,0.852,1,0.153,0.431,0.663,0.114,135.207,69,Top 3 IDM Albums of All Time
You Got Me,Things Fall Apart,"The Roots,Tariq Trotter,Erykah Badu,Eve",1999-02-23,65,"conscious hip hop,east coast hip hop,hip hop,philly rap,political hip hop,afrofuturism,alternative r&b,neo soul,r&b,contemporary r&b,dance pop,hip pop,urban contemporary",0.729,0.442,11,0.285,0.151,0.0,0.189,81.029,70,Eryka's vocals make this song for me
Que serais-je sans toi,Ferrat Chante Aragon,Jean Ferrat,1992-01-01,8,chanson,0.37,0.309,5,0.0332,0.801,0.0111,0.105,110.727,71,French classic
All My Little Words,69 Love Songs,The Magnetic Fields,1999-09-14,51,"alternative rock,chamber pop,lo-fi,melancholia,metropopolis,permanent wave,tape club",0.477,0.532,8,0.0274,0.731,0.0114,0.0973,105.239,72,Finn reintroduced me to this song and I'm so thankful he did because it's beautiful
Fake Plastic Trees,The Bends,Radiohead,1995-03-13,72,"alternative rock,art rock,melancholia,oxford indie,permanent wave,rock",0.463,0.229,2,0.0297,0.167,0.0997,0.202,73.543,73,Marty's (controversial) favourite Radiohead album
Bags - Recorded At Electric Lady Studios,Live at Electric Lady,Clairo,2023-05-12,60,"bedroom pop,indie pop,pov: indie",0.669,0.657,10,0.0276,0.114,0.0916,0.0725,109.998,74,Waaayyy better than the original
Can I Kick It?,People's Instinctive Travels and the Paths of Rhythm,A Tribe Called Quest,1990-04-17,68,"conscious hip hop,east coast hip hop,golden age hip hop,hip hop,jazz rap,queens hip hop",0.848,0.666,0,0.274,0.173,0.000699,0.129,96.662,75,Lou Reed sample!
Crazy,St. Elsewhere,Gnarls Barkley,2006-05-02,23,"atl hip hop,neo soul",0.836,0.741,8,0.0339,0.0172,0.0583,0.0826,111.963,76,Throwback banger
True Love,American Love Call,Durand Jones & The Indications,2019-03-01,0,souldies,0.601,0.525,11,0.0546,0.739,2.11e-06,0.0916,89.584,77,I waited and waited but I have her now...
Heaven,Popular Favorites 1976 - 1992 / Sand in the Vaseline,Talking Heads,1992-10-13,20,"alternative rock,art punk,dance rock,funk rock,new wave,permanent wave,post-punk,rock,zolo",0.596,0.42,7,0.0256,0.095,0.245,0.252,107.089,78,Most underrated Talking Heads song ever
ゆめうつつ,ランプ幻想,Lamp,2008-12-03,66,japanese alternative pop,0.346,0.126,2,0.0347,0.985,0.463,0.0771,92.959,79,This whole album deserves a thorough listen because it's just so fun
La Foule,Eternelle,Édith Piaf,1987-10-31,57,"chanson,torch song,vintage schlager",0.454,0.418,4,0.0799,0.836,1.05e-05,0.292,177.737,80,My Grand-maman saw this song performed live in the 50's!
Girl,Rubber Soul,The Beatles,1965-12-03,62,"british invasion,classic rock,merseybeat,psychedelic rock,rock",0.699,0.294,5,0.0294,0.587,0.0,0.117,96.615,81,Is this their best album? Up for debate (it definitely is)
"Valerie - Live At BBC Radio 1 Live Lounge",Back To Black,Amy Winehouse,2006,75,"british soul,neo soul",0.772,0.371,5,0.0348,0.745,0.0,0.167,96.574,82,You can hear her smiling as she sings
Change (In the House of Flies),White Pony,Deftones,2000-05-16,77,"alternative metal,nu metal,rap metal,rock,sacramento indie",0.269,0.853,7,0.0854,0.000249,0.000246,0.118,141.581,83,Horniest rock music
Time,The Dark Side of the Moon,Pink Floyd,1973-03-01,68,"album rock,art rock,classic rock,progressive rock,psychedelic rock,rock,symphonic rock",0.359,0.48,9,0.0841,0.521,0.0043,0.178,120.285,84
anything,songs,Adrianne Lenker,2020-10-23,78,"countrygaze,indie pop,small room",0.388,0.291,3,0.0421,0.774,1.93e-05,0.0874,83.943,85,Her best song. It's perfect
Mayonaise,Siamese Dream,The Smashing Pumpkins,1993,65,"alternative metal,alternative rock,grunge,permanent wave,rock,spacegrunge",0.482,0.528,10,0.0272,0.000107,0.543,0.0839,146.043,86,My parents both like the Smashing Pumkins so this was often heard in our house
Point and Kill,Sometimes I Might Be Introvert,"Little Simz,Obongjayar",2021-09-03,57,"alternative r&b,escape room,trap queen,experimental r&b",0.944,0.575,7,0.118,0.423,0.00205,0.133,98.021,87,I bonded with your brother over this album when he came to visit you in the fall
Girls just want to have fun,Girls just want to have fun,"Bladee, Ecco2k",2020-02-24,0,"cloud rap,drain,glitchcore,underground hip hop,hyperpop",0.517,0.626,0,0.0375,0.0221,0.587,0.136,149.862,88,Most approachable Drain Gang song
Andromeda,Titanic Rising,Weyes Blood,2019-04-05,65,"art pop,chamber pop,dream pop,experimental folk,experimental pop,indie pop",0.467,0.461,1,0.0274,0.368,0.00115,0.358,131.325,89,We need to see her live!!
Laputa,D>E>A>T>H>M>E>T>A>L,Panchiko,2000-12-05,60,"diy emo,dream pop,zoomergaze",0.509,0.513,0,0.0264,0.876,0.0905,0.104,140.071,90,One of those projects that I listened to all through high school and still return to today
Feather,Modal Soul,"Nujabes, Cise Starr & Akin from CYNE",2005-11-11,63,"downtempo,instrumental hip hop,japanese chillhop,japanese old school hip hop,jazz rap",0.565,0.749,10,0.0769,0.655,0.432,0.106,180.598,91,Peek hip hop artistry
Victim,Trash Island,"Bladee, Thaiboy Digital, Ecco2k",2019-09-12,46,"cloud rap,drain,glitchcore,underground hip hop,hyperpop",0.632,0.344,6,0.0958,0.9,0.919,0.106,169.113,92,One of the first Drain Gang songs I ever liked
Unclean mind,Shade,Grouper,2021-10-22,28,"ambient,ambient pop,art pop,dream pop,drone,electra,experimental ambient,experimental pop,modern dream pop,spectra",0.606,0.309,4,0.03,7,0.906,0.896,0.151,93.663,93,"'Sitting in the dark, alone' kinda music"
Tant de belles choses...,Tant de belles choses,Françoise Hardy,2004-11-14,40,"chanson,ye ye",0.437,0.551,4,0.0294,0.538,0.00028,0.029,129.939,94,She is the queen of French music,Top 5 Bowie Track
Soul Love,The Rise and Fall of Ziggy Stardust and the Spiders from Mars,David Bowie,1972-06-06,55,"art rock,classic rock,glam rock,permanent wave,rock",0.573,0.404,2,0.0626,0.0579,1.52e-06,0.217,72.906,95
Don't Cry,Donuts,J Dilla,2006-02-07,54,"alternative hip hop,detroit hip hop,hip hop,instrumental hip hop",0.23,0.772,1,0.342,0.054,0.000138,0.644,173.377,96,Dilla produced this track for his mother while he was in the hospital with cancer to consol her
Playground Love,The Virgin Suicides (Original Motion Picture Score),"Air,Gordon Tracks",2000-02-25,66,"ambient pop,downtempo,electronica,indietronica,trip hop",0.33,0.423,7,0.0279,0.265,0.731,0.347,143.086,97,I've actually never wathced this movie but I've heard good things
Schizophrenia,Sister,Sonic Youth,1987-04-07,52,"alternative rock,noise pop,noise rock,rock,shoegaze",0.356,0.696,2,0.0366,0.19,0.867,0.104,134.66,98,I was obsessed with Sonic Youth until I saw a t-shirt of this album's cover art in a Hot Topic
Love My Way,Forever Now,The Psychedelic Furs,1982,63,"alternative rock,new romantic,new wave,new wave pop,post-punk",0.637,0.85,0,0.0351,0.00487,0.00018,0.152,126.106,99,Everytime I listen to this song I can hear my mom singing along to it too
Waiting Room,"Lost Ark Studio Compilation, Vol. 8",Phoebe Bridgers,2016-08-12,76,"indie pop,la indie,pov: indie",0.531,0.289,2,0.0286,0.339,0.000358,0.134,129.753,100,100 DAYS!! I knew this had to be the 100th song because I've only ever thought of you when listening to it
Me Amas y Me Dejas,La Magia de Sandro,Sandro,1968,37,"cancion melodica,pop romantico",0.401,0.415,2,0.0623,0.622,0.0,0.0617,71.53,101
Till There Was You,With The Beatles,The Beatles,1963-11-22,63,"british invasion,classic rock,merseybeat,psychedelic rock,rock",0.727,0.338,5,0.0454,0.79,0.0,0.105,122.421,102
All I Want for Christmas Is You,Merry Christmas,Mariah Carey,1994-10-28,90,"dance pop,pop,urban contemporary",0.336,0.627,7,0.0384,0.164,0.0,0.0708,150.273,103
Off You,Title Tk,The Breeders,2002-05-20,43,alternative rock,0.464,0.102,10,0.0319,0.965,0.0277,0.108,81.165,104
Cities In Dust,Tinderbox,Siouxsie and the Banshees,1986-04-21,58,"alternative rock,dream pop,new romantic,new wave,post-punk,punk,uk post-punk",0.561,0.974,6,0.113,0.0572,0.0,0.244,120.297,105
The Lovecats,Greatest Hits,The Cure,2001-11-13,44,"new wave,permanent wave,rock,uk post-punk",0.748,0.569,9,0.0752,0.459,1.21e-06,0.364,91.833,106
93 'Til Infinity,93 'til Infinity,Souls Of Mischief,1993-02-13,67,"alternative hip hop,hardcore hip hop,hip hop,jazz rap",0.59,0.672,1,0.412,0.125,1.04e-06,0.147,206.247,107
One Step Ahead,A Bit Of Soul,Aretha Franklin,1996-01-01,48,"classic soul,jazz blues,memphis soul,soul,southern soul,vocal jazz",0.384,0.206,0,0.0319,0.826,0.0,0.553,170.172,108
Head in the Ceiling Fan,Floral Green,Title Fight,2012-09-18,60,"dreamo,emo,grungegaze,spacegrunge,zoomergaze",0.276,0.456,4,0.0427,0.0679,0.306,0.133,120.876,109
True Blue,the record,"boygenius,Julien Baker,Phoebe Bridgers,Lucy Dacus",2023-03-31,62,"indie pop,pov: indie,ambient folk,la indie,art pop",0.472,0.774,7,0.0405,0.259,0.0051,0.175,146.175,110
Polyurethane,Hannah,Lomelda,2020-09-04,50,"countrygaze,small room",0.526,0.0819,4,0.032,0.93,0.585,0.358,129.024,111
#skeptacore pt.3,#skeptacore pt.3,"Ryder,Skepta",2023-11-08,62,"birmingham grime,grime,instrumental grime,uk hip hop",0.775,0.667,9,0.357,0.571,0.0,0.115,135.015,112
A Song For You,Leon Russell,Leon Russell,1970,4,"blues rock,country rock,folk,folk rock,mellow gold,outlaw country,piano rock,roots rock,singer-songwriter,southern rock,swamp rock",0.48,0.0871,5,0.0442,0.973,2.67e-06,0.148,118.036,113
Me And Those Dreamin' Eyes Of Mine,Brown Sugar,D'Angelo,1995-07-03,44,"indie soul,neo soul,soul",0.512,0.401,4,0.217,0.7,0.000143,0.11,83.339,114
The Place Where He Inserted the Blade,Ants From Up There,"Black Country, New Road",2022-02-04,56,"crank wave,indie rock,london indie,uk post-punk revival",0.376,0.451,11,0.0327,0.402,4.13e-05,0.128,123.344,115
Blue Monday,Singles,New Order,2005-09-30,58,"alternative rock,dance rock,madchester,new romantic,new wave,permanent wave,post-punk,synthpop,uk post-punk",0.793,0.703,0,0.0581,0.000726,0.88,0.075,130.27,116
I Don't Smoke,Bury Me At Makeout Creek,Mitski,2014-11-11,66,"brooklyn indie,pov: indie",0.133,0.54,1,0.0339,2.56e-05,0.00805,0.114,143.951,117
New Tank,Whole Lotta Red,Playboi Carti,2020-12-25,71,"atl hip hop,plugg,pluggnb,rage rap,rap",0.819,0.638,10,0.226,0.031,0.000116,0.152,150.993,118
Digital Love,Discovery,Daft Punk,2001-03-12,66,"electro,filter house,rock",0.644,0.664,9,0.0332,0.048,0.867,0.342,124.726,119
Short Skirt / Long Jacket,Comfort Eagle,CAKE,2001-07-24,63,"alternative rock,pop rock,post-grunge,sacramento indie",0.771,0.809,2,0.0461,0.003,0.0223,0.0252,120.038,120
Be Here to Love Me,Our Mother the Mountain,Townes Van Zandt,1969-04,35,"alternative country,classic texas country,cosmic american,folk,outlaw country,roots rock,singer-songwriter",0.621,0.366,11,0.0288,0.632,0.0,0.15,100.815,121
Comfortable,Tha Carter III,"Lil Wayne,Babyface",2008-06-10,49,"hip hop,new orleans rap,pop rap,rap,trap,contemporary r&b,r&b,urban contemporary",0.596,0.831,6,0.0871,0.0169,2.61e-05,0.585,94.199,122
Can We Pretend,'Justments,Bill Withers,1974-08-08,51,"classic soul,funk,quiet storm,soul",0.596,0.313,9,0.044,0.853,0.201,0.0601,82.067,123
Virtual Insanity,Driving Songs,Jamiroquai,2005-01-01,68,dance pop,0.662,0.949,6,0.108,0.128,0.0,0.135,91.954,124
What Difference Does It Make? - John Peel Session,Hatful of Hollow,The Smiths,1984,50,"madchester,new wave,permanent wave,rock,uk post-punk",0.371,0.962,1,0.0611,6.26e-05,0.000227,0.0942,158.896,125
Wriding,Lowercase,Bluetile Lounge,1995-10-10,26,slowcore,0.376,0.246,2,0.0323,0.816,0.105,0.146,120.593,126
Sugar and Spice (I Found Me a Girl),Never Too Much,Luther Vandross,1981-07-23,45,"quiet storm,soul",0.689,0.649,5,0.0665,0.182,0.0,0.161,110.508,127
dio,gelato,"boylife,Bearface",2021-10-08,31,modern indie pop,0.778,0.46,6,0.0389,0.314,0.000505,0.134,114.001,128
Blue Ridge Mountains,Fleet Foxes,Fleet Foxes,2008-06-03,62,"chamber pop,folk,indie folk,indie rock,indietronica,modern rock,seattle indie,singer-songwriter,stomp and holler",0.533,0.426,8,0.0273,0.708,0.000488,0.101,97.905,129
Vegas,Masterpiece,Big Thief,2016,49,"art pop,brooklyn indie,chamber pop,countrygaze,indie pop,indie rock,pov: indie,small room",0.624,0.664,9,0.0302,0.0888,0.00961,0.118,127.76,130
Poison Oak,"I'm Wide Awake, It's Morning",Bright Eyes,2005-01-25,43,"chamber pop,indie rock,melancholia,omaha indie,stomp and holler",0.408,0.186,9,0.0337,0.121,0.00949,0.13,99.145,131
Rhinestone Eyes,Plastic Beach,Gorillaz,2010-03-03,75,"alternative hip hop,modern rock,rock",0.676,0.703,8,0.0302,0.0869,0.000687,0.0463,92.761,132
Don't Ask,E,Ecco2k,2019-11-27,42,"cloud rap,drain,glitchcore,hyperpop",0.657,0.506,2,0.0315,0.721,0.0,0.166,132.015,133
Everybody Does,Sprained Ankle,Julien Baker,2015-10-23,0,"ambient folk,indie pop",0.656,0.181,5,0.0322,0.852,0.0,0.061,111.438,134
Happy Birthday,Hotter Than July,Stevie Wonder,1980-09-29,6,"motown,soul",0.779,0.571,1,0.0427,0.00511,1.16e-05,0.0532,116.197,135
Run Away With Me,E·mo·tion,Carly Rae Jepsen,2015-08-21,37,"dance pop,pop",0.564,0.719,1,0.0475,0.0126,0.000177,0.0537,119.023,136
Miami Ultras,Warlord,Yung Lean,2016-02-25,0,"cloud rap,psychedelic hip hop,underground hip hop",0.577,0.518,1,0.0337,0.00344,0.0012,0.173,105.029,137
Left And Right,Voodoo,"D'Angelo,Redman,Method Man",2000-01-01,43,"indie soul,neo soul,soul,east coast hip hop,hardcore hip hop,new jersey rap,wu fam,hip hop",0.842,0.404,1,0.628,0.219,0.0,0.369,91.963,138
Quiet Life,Quiet Life,Japan,1979,0,"melancholia,new romantic,new wave,synthpop",0.666,0.747,4,0.0368,0.000741,0.0605,0.108,131.014,139
Dramamine,This Is a Long Drive for Someone with Nothing to Think About,Modest Mouse,1996-04-16,56,"alternative rock,chamber pop,indie rock,indietronica,modern rock,washington indie",0.378,0.736,4,0.0407,0.326,0.105,0.107,182.672,140
Still into You,Paramore,Paramore,2013-04-05,78,"candy pop,modern rock,pixie,pop,pop emo,pop punk,rock",0.602,0.923,5,0.044,0.0098,0.0,0.0561,136.01,141
Androgynous,Let It Be,The Replacements,1984,42,"alternative rock,permanent wave,post-punk,power pop,punk,singer-songwriter",0.476,0.361,11,0.0287,0.518,0.0,0.0817,106.484,142
"Mama, You Been On My Mind",The Bootleg Series Volumes 1-3 1961-1991,Bob Dylan,1991-03-26,38,"classic rock,country rock,folk,folk rock,rock,roots rock,singer-songwriter",0.472,0.131,11,0.0484,0.871,0.0,0.118,174.459,143
Damaged Goods,Entertainment!,Gang Of Four,1979-09-25,52,"alternative rock,art punk,dance rock,funk rock,post-punk,punk,uk post-punk",0.744,0.721,0,0.0899,0.025,0.0466,0.155,157.188,144
Je t'aime,Tres Tres Fort,Staff Benda Bilili,2009,7,desert blues,0.665,0.868,10,0.114,0.244,0.0119,0.108,118.571,145
Sextape,Diamond Eyes,Deftones,2008,75,"alternative metal,nu metal,rap metal,rock,sacramento indie",0.367,0.634,5,0.027,0.000824,0.0759,0.116,89.981,146
I Couldn't Love You More,Love,Sade,1992-10-26,57,"british soul,sophisti-pop",0.749,0.16,7,0.0307,0.79,0.227,0.122,98.148,147
Linger,"Everybody Else Is Doing It, So Why Can't We?",The Cranberries,1993-03-01,83,"irish rock,pop rock,rock",0.439,0.434,7,0.0265,0.0783,5.18e-05,0.14,94.843,148
"Alone, Omen 3",Man Alive!,King Krule,2020-02-21,37,uk alternative pop,0.518,0.537,2,0.026,0.147,0.752,0.339,66.291,149
Let's Dance,Let's Dance,David Bowie,1983-04-14,68,"art rock,classic rock,glam rock,permanent wave,rock",0.654,0.743,10,0.0605,0.0125,0.0272,0.153,114.846,150
New Directions,Together,Duster,2022-04-01,36,"corecore,dream pop,pov: indie,slowcore",0.649,0.168,7,0.0331,0.266,0.812,0.176,100.942,151
Toumei,Celestially Light,"Albert Karch,Ichiko Aoba",2019-11-08,23,j-acoustic,0.386,0.0063,3,0.0543,0.993,0.107,0.124,65.842,152
(It Goes Like) Nanana,(It Goes Like) Nanana,Peggy Gou,2023-06-15,75,"electra,float house",0.671,0.876,7,0.0352,0.12,0.188,0.0823,129.998,153
Spellbound,Juju,Siouxsie and the Banshees,1981,62,"alternative rock,dream pop,new romantic,new wave,post-punk,punk,uk post-punk",0.415,0.853,7,0.038,0.0107,0.000499,0.536,148.494,154
Nutshell,Jar Of Flies,Alice In Chains,1994,73,"alternative metal,alternative rock,grunge,hard rock,nu metal,rock",0.384,0.561,3,0.0296,0.373,0.253,0.0775,136.136,155
Alien Love Call,New Heart Designs,"Turnstile,BADBADNOTGOOD,Blood Orange",2023-08-11,55,"hardcore punk,modern melodic hardcore,canadian modern jazz,indie soul,alternative r&b,art pop,escape room,indietronica,metropopolis",0.606,0.583,4,0.0284,0.00633,0.404,0.193,125.974,156
I Know,When The Pawn...,Fiona Apple,1999-11-09,60,"art pop,chamber pop,dark pop,lilith,permanent wave,piano rock,singer-songwriter",0.324,0.211,0,0.0287,0.944,0.0031,0.118,146.367,157
Radio Cure,Yankee Hotel Foxtrot,Wilco,2002,32,"alternative country,alternative rock,chicago indie,folk,indie rock,roots rock,stomp and holler",0.484,0.203,9,0.0342,0.471,0.0429,0.111,79.053,158
Perfect Day,Transformer,Lou Reed,1972-12-01,65,"classic rock,glam rock,permanent wave,rock,singer-songwriter",0.4,0.267,10,0.0323,0.744,0.00734,0.103,144.799,159
My City Was Gone,Learning to Crawl,Pretenders,1984,40,"album rock,classic rock,mellow gold,new romantic,new wave,new wave pop,permanent wave,rock,soft rock",0.75,0.782,9,0.0244,0.181,0.54,0.142,107.699,160
Message personnel,Message personnel,Françoise Hardy,1973-11-24,54,"chanson,ye ye",0.366,0.412,7,0.0367,0.641,0.0731,0.126,127.395,161
All I Need,Instrumentals,Clams Casino,2011-03-07,48,"cloud rap,experimental hip hop,instrumental hip hop,psychedelic hip hop",0.259,0.484,8,0.0448,0.277,0.79,0.21,105.017,162
Ode To The Mets,The New Abnormal,The Strokes,2020-04-10,66,"alternative rock,garage rock,modern rock,permanent wave,rock",0.426,0.617,1,0.0289,0.341,0.181,0.101,92.002,163
Lust For Life,Lust For Life,Iggy Pop,1977-01-01,34,"alternative rock,glam rock,permanent wave,protopunk,rock",0.201,0.943,9,0.0546,0.0125,0.0,0.139,203.261,164
Thick As Thieves,Setting Sons,The Jam,1979-11-17,21,"mod revival,new romantic,new wave,punk,ska revival",0.348,0.942,4,0.0435,0.000244,0.001,0.0984,166.644,165
Curls,Madvillainy,"Madvillain,Madlib,MF DOOM",2004-03-24,56,"abstract hip hop,alternative hip hop,hip hop,psychedelic hip hop,instrumental hip hop,east coast hip hop,rap",0.533,0.724,7,0.311,0.275,4.59e-06,0.118,89.862,166
100,BLACK METAL,Dean Blunt,2014-11-03,64,"collage pop,hypnagogic pop,uk experimental electronic",0.613,0.807,10,0.0246,0.000406,0.065,0.267,102.205,167
The Way That I Do,Private Space,"Durand Jones & The Indications,Aaron Frazer",2021-07-30,0,souldies,0.71,0.536,8,0.0485,0.243,0.0667,0.0674,115.042,168
Hangover,TY.O,"Taio Cruz,Flo Rida",2011-01-01,70,"dance pop,pop,pop rap,miami hip hop",0.606,0.883,3,0.0423,0.00872,0.0,0.0698,128.053,169
Simulation Swarm,Dragon New Warm Mountain I Believe In You,Big Thief,2022-02-11,66,"art pop,brooklyn indie,chamber pop,countrygaze,indie pop,indie rock,pov: indie,small room",0.703,0.578,1,0.0728,0.446,0.0024,0.102,105.204,170
This Time Tomorrow,"Lola vs. Powerman and the Moneygoround, Pt. One + Percy",The Kinks,2014-10-20,0,"album rock,art rock,british invasion,classic rock,folk rock,glam rock,protopunk,psychedelic rock,rock,singer-songwriter",0.405,0.751,4,0.0476,0.166,0.00283,0.137,128.794,171
Milk,You Will Never Know Why,Sweet Trip,2009,53,"dream pop,glitchbreak,hyper-rock,shoegaze",0.325,0.279,9,0.0304,0.529,0.289,0.192,148.861,172
Ghosts,Psykos,"Yung Lean,Bladee",2024-03-13,0,"cloud rap,psychedelic hip hop,underground hip hop,drain,glitchcore",0.476,0.858,1,0.0305,0.0505,2.5e-06,0.603,100.988,173
When You're Gone,To The Faithful Departed,The Cranberries,1996-04-30,62,"irish rock,pop rock,rock",0.454,0.524,3,0.0267,0.351,4.32e-05,0.0691,186.762,174
In Love With You,Mama's Gun,"Erykah Badu,Stephen Marley",2000-10-31,54,"afrofuturism,alternative r&b,neo soul,r&b,reggae,roots reggae",0.736,0.268,9,0.0639,0.581,0.0,0.163,132.525,175
Foxey Lady,Are You Experienced,Jimi Hendrix,1967-05-12,56,"acid rock,album rock,alternative rock,classic rock,hard rock,proto-metal,psychedelic rock,rock",0.507,0.847,1,0.0411,0.0751,0.237,0.372,98.096,176
French Toast,Pray for Paris,"Westside Gunn,Wale,Joyce Wrice",2020-04-17,47,"alternative hip hop,boom bap,buffalo hip hop,drumless hip hop,hip hop,upstate ny rap,pop rap,r&b,rap,southern hip hop,trap,alternative r&b",0.477,0.863,4,0.421,0.15,1.25e-06,0.626,81.111,177
Wish You Were Here,Wish You Were Here,Pink Floyd,1975-09-12,75,"album rock,art rock,classic rock,progressive rock,psychedelic rock,rock,symphonic rock",0.481,0.262,7,0.0414,0.735,0.0114,0.832,122.861,178
It Was A Good Day,The Predator,Ice Cube,1992-11-17,78,"conscious hip hop,g funk,gangster rap,hip hop,rap,west coast rap",0.798,0.744,7,0.136,0.33,0.000106,0.292,82.356,179
When Doves Cry,Purple Rain,Prince,1984-06-25,22,"funk,funk rock,minneapolis sound,rock,synth funk",0.729,0.989,9,0.049,0.0102,4.45e-05,0.443,126.47,180
Fool,Fool,Adrianne Lenker,2024-02-20,36,"countrygaze,indie pop,small room",0.513,0.356,3,0.0322,0.913,0.0011,0.101,143.837,181
I Wanna Be Adored,The Stone Roses,The Stone Roses,1989-05-02,64,"britpop,dance rock,madchester",0.494,0.862,4,0.0273,0.012,0.213,0.228,112.596,182
Genesis,Visions,Grimes,2012-02-21,50,"art pop,canadian electropop,grave wave,indietronica,metropopolis,neo-synthpop",0.611,0.676,10,0.0333,0.074,0.0444,0.164,166.047,183
Night in the City,Song to a Seagull,Joni Mitchell,1968-03-01,31,"canadian singer-songwriter,folk,folk rock,singer-songwriter",0.524,0.443,7,0.0331,0.5,0.0,0.0855,116.785,184
The Boxer,Bridge Over Troubled Water,Simon & Garfunkel,1970-01-26,68,"classic rock,folk,folk rock,melancholia,mellow gold,rock,soft rock",0.439,0.488,11,0.0615,0.702,0.000339,0.16,93.017,185
Freedom,Make It Big,Wham!,1984-10-23,57,"new romantic,new wave,new wave pop,soft rock",0.591,0.651,0,0.0424,0.42,1.94e-06,0.129,132.538,186
Love Is Only a Feeling,Love Is Only a Feeling,Joey Bada$$,2017-07-06,76,"conscious hip hop,hip hop,rap",0.629,0.676,1,0.191,0.53,0.000325,0.701,90.377,187
Light My Fire,Mis Favoritas,José Feliciano,2011-09-05,38,"latin pop,puerto rican pop",0.479,0.546,4,0.035,0.708,0.031,0.35,108.372,188
Lilac Wine,Grace,Jeff Buckley,1994,59,"melancholia,permanent wave,singer-songwriter",0.262,0.0847,7,0.04,0.827,4.82e-05,0.0938,180.562,189
If You're Feeling Sinister,If You're Feeling Sinister,Belle and Sebastian,1998-02-02,35,"alternative rock,baroque pop,chamber pop,indie rock,melancholia,scottish indie,scottish rock,singer-songwriter,twee pop",0.587,0.386,6,0.0611,0.447,5.45e-05,0.388,129.774,190
Shameika,Fetch The Bolt Cutters,Fiona Apple,2020-04-17,48,"art pop,chamber pop,dark pop,lilith,permanent wave,piano rock,singer-songwriter",0.375,0.776,8,0.274,0.154,8.16e-05,0.0925,186.814,191
I Want To Touch You,Ferment,Catherine Wheel,1992-06-09,32,"dream pop,grungegaze,nu gaze,shoegaze,spacegrunge",0.395,0.791,11,0.0432,0.000507,8.96e-06,0.338,112.565,192
Across The Universe,Let It Be,The Beatles,1970-05-08,64,"british invasion,classic rock,merseybeat,psychedelic rock,rock",0.257,0.412,1,0.0287,0.361,8.68e-05,0.0702,152.126,193
Runnin',Labcabincalifornia,The Pharcyde,1995-01-01,62,"alternative hip hop,hardcore hip hop,hip hop,jazz rap,west coast rap",0.754,0.785,10,0.18,0.0287,0.00144,0.319,94.123,194
Rose Blood,Among My Swan,Mazzy Star,1996-10-29,60,"dream pop,melancholia,shoegaze,slowcore",0.256,0.319,1,0.0299,0.366,0.718,0.113,83.044,195
I'll Be Here in the Morning,Townes Van Zandt,Townes Van Zandt,1969-09,51,"alternative country,classic texas country,cosmic american,folk,outlaw country,roots rock,singer-songwriter",0.558,0.17,4,0.0331,0.887,0.037,0.113,76.835,196
Almeda,When I Get Home,Solange,2019-03-01,59,"afrofuturism,alternative r&b,r&b,urban contemporary",0.827,0.553,1,0.032,0.0227,1.52e-05,0.176,110.015,197
Kerosene!,Heaven To A Tortured Mind,Yves Tumor,2020-04-03,54,"art pop,escape room,experimental pop,experimental r&b,hypnagogic pop",0.506,0.746,7,0.0307,0.00183,0.0,0.109,130.997,198
Blister in the Sun,Violent Femmes,Violent Femmes,1983,0,"acoustic punk,alternative rock,punk",0.701,0.261,0,0.0938,0.219,0.0,0.0821,97.042,199
Love Story,Fearless,Taylor Swift,2008-11-11,62,pop,0.618,0.741,2,0.031,0.17,0.0,0.0822,118.984,200
KITCHEN LIGHTS,And Then You Pray For Me,"Westside Gunn,Stove God Cooks",2023-10-13,52,"alternative hip hop,boom bap,buffalo hip hop,drumless hip hop,hip hop,upstate ny rap",0.257,0.688,7,0.0536,0.0441,0.0,0.178,76.004,201
Down on Me,Darklands,The Jesus and Mary Chain,1987-08-31,4,"alternative rock,new wave,noise pop,post-punk,scottish indie,scottish shoegaze,shoegaze,singer-songwriter,uk post-punk",0.34,0.939,5,0.05,0.0151,0.825,0.333,154.561,202
Venus as a Boy,Debut,Björk,1993-07-05,54,"alternative rock,art pop,electronica,experimental pop,experimental vocal,icelandic experimental,icelandic pop,icelandic singer-songwriter,metropopolis,permanent wave,trip hop",0.617,0.393,1,0.0353,0.0314,0.00512,0.067,136.213,203
The Bentley Poop Song,Totally Important Name Poop Songs,"The Odd Man Who Sings About Poop, Puke and Pee",2021-12-18,2,comedy rock,0.518,0.13,7,0.0443,0.948,0.254,0.206,157.266,204
Rage,Nasty,Rico Nasty,2018-06-15,49,"alternative r&b,trap queen",0.836,0.901,2,0.321,0.0372,0.000387,0.136,140.031,205
For Love,Spooky,Lush,1992-01-27,52,"alternative rock,britpop,dream pop,shoegaze",0.509,0.611,6,0.0291,0.15,0.0,0.107,129.926,206
Never Could Have Been Worse,Everything But The Girl,Everything But The Girl,1984-09-21,41,"new wave pop,sophisti-pop,trip hop",0.64,0.668,7,0.0365,0.0404,0.000161,0.0554,106.704,207
TL;DR,TL;DR,"Bladee,Ecco2k,Thaiboy Digital",2024-04-19,53,"cloud rap,drain,glitchcore,underground hip hop,hyperpop",0.646,0.842,1,0.0302,0.123,0.00697,0.119,147.038,208
Missed,Rid Of Me,PJ Harvey,1993-01-01,35,"alternative rock,art pop,melancholia,permanent wave,piano rock,singer-songwriter",0.647,0.351,9,0.0266,0.0336,0.00233,0.0495,103.877,209
Peeling off the Bark,Everything So Far,Pinegrove,2015-10-15,33,"countrygaze,new jersey indie,small room",0.32,0.446,9,0.0321,0.0112,8.68e-06,0.111,94.677,210
Cigarettes and Coffee,Sunday Morning Cozy Songs,Otis Redding,2021-06-04,35,"classic soul,memphis soul,soul,soul blues,southern soul,vocal jazz",0.489,0.274,0,0.0398,0.242,0.0,0.149,134.85,211
Les Fleurs,Come To My Garden,Minnie Riperton,1970-11-01,57,"classic soul,disco,funk,motown,quiet storm,soul",0.441,0.499,6,0.0484,0.665,2.87e-06,0.211,151.878,212
Trophies,Rise Of An Empire,"Young Money,Drake",2014-01-01,69,"dirty south rap,pop rap,rap,southern hip hop,trap,canadian hip hop,canadian pop,hip hop",0.744,0.687,1,0.381,0.155,0.0,0.137,143.936,213
Yard Of Blonde Girls,Sketches for My Sweetheart The Drunk,Jeff Buckley,1998-05-26,44,"melancholia,permanent wave,singer-songwriter",0.438,0.662,4,0.0266,0.00255,0.0376,0.318,145.383,214
Movin' Out (Anthony's Song),The Stranger,Billy Joel,1977,65,"album rock,classic rock,mellow gold,piano rock,rock,singer-songwriter,soft rock",0.664,0.88,2,0.0326,0.465,1.63e-05,0.0591,133.898,215
What Does Your Soul Look Like - Pt. 4,Endtroducing.....,DJ Shadow,1996-09-16,0,"downtempo,electronica,instrumental hip hop,trip hop",0.511,0.707,4,0.0304,0.495,0.903,0.179,142.033,216
Bless the Telephone,The Singer & The Song,Labi Siffre,1971,60,classic uk pop,0.567,0.175,2,0.0483,0.978,2.14e-05,0.103,135.521,217
Boots of Spanish Leather,The Times They Are A-Changin',Bob Dylan,1964-01-13,48,"classic rock,country rock,folk,folk rock,rock,roots rock,singer-songwriter",0.615,0.114,8,0.0357,0.926,4e-06,0.166,101.189,218
Romanticist,Heaven To A Tortured Mind,Yves Tumor,2020-04-03,51,"art pop,escape room,experimental pop,experimental r&b,hypnagogic pop",0.583,0.703,7,0.0837,0.0211,1.61e-06,0.535,94.011,219
drivers license,SOUR,Olivia Rodrigo,2021-05-21,82,pop,0.561,0.431,10,0.0578,0.768,1.42e-05,0.106,143.875,220
All Night Long,All Night Long,Chris Stussy,2023-05-26,59,dutch tech house,0.768,0.703,5,0.0466,0.00731,0.278,0.0977,133.01,221
Summertime,Homebase,DJ Jazzy Jeff & The Fresh Prince,1991-07-09,58,"golden age hip hop,old school hip hop,philly rap",0.677,0.539,7,0.063,0.0455,1.84e-06,0.845,95.116,222
Shiraiki,Kagayaki,Masakatsu Takagi,2014-11-19,26,"anime score,j-ambient,japanese soundtrack",0.422,0.0474,7,0.0382,0.992,0.786,0.114,86.736,223
Hunger,MAY GOD BLESS YOUR HUSTLE,MIKE,2017-06-21,67,"alternative hip hop,chill abstract hip hop,indie hip hop",0.389,0.631,10,0.083,0.875,0.0,0.392,137.324,224
Superstar,Deep Divine,Pretty Sick,2020-10-29,48,lo-fi indie,0.554,0.606,7,0.0256,0.152,7.67e-06,0.282,93.991,225
Gentle On My Mind,Bobbie Gentry And Glen Campbell,"Bobbie Gentry,Glen Campbell",1968-01-01,39,"adult standards,arkansas country,classic country pop,folk rock,mellow gold,nashville sound,singer-songwriter,soft rock",0.614,0.509,5,0.0328,0.511,0.0,0.113,112.697,226
Mesmerise,Best Of,Chapterhouse,2007-05-05,38,"dream pop,dreamgaze,nu gaze,reading indie,shoegaze",0.477,0.578,10,0.0312,0.000224,0.169,0.195,88.043,227
You're the Kind of Girl,Faithful Man,"Lee Fields & The Expressions,Lee Fields",2012-03-13,28,"afrobeat,funk,soul,southern soul",0.662,0.761,1,0.0572,0.171,0.0,0.123,98.293,228
Girl With The Tattoo Enter.lewd,All I Want Is You,Miguel,2010-11-26,79,"r&b,urban contemporary",0.372,0.239,6,0.0296,0.856,0.000175,0.168,113.451,229
Nights,Blonde,Frank Ocean,2016-08-20,78,"lgbtq+ hip hop,neo soul",0.457,0.551,5,0.167,0.427,1.15e-06,0.113,89.87,230
Are You Looking Up,Are You Looking Up / You got it,Mk.gee,2023-10-20,36,experimental r&b,0.653,0.513,11,0.0724,0.964,0.693,0.148,153.683,231
Born Slippy,1992 - 2012,Underworld,2014-01-01,65,"big beat,electronica",0.576,0.953,10,0.0362,0.00106,0.49,0.474,140.042,232
I Fall In Love Too Easily,Chet Baker Sings,Chet Baker,1956,66,"cool jazz,jazz,jazz trumpet,vocal jazz",0.532,0.0657,0,0.0406,0.94,0.00488,0.0946,128.607,233
A Message to You Rudy,The Best Of The Specials,The Specials,2008-03-28,0,"britpop,new wave,punk,ska,ska revival",0.906,0.45,0,0.0627,0.149,0.000232,0.168,103.476,234
Onie,I Had Too Much To Dream (Last Night),The Electric Prunes,1967,40,"acid rock,classic garage rock,protopunk,psychedelic rock",0.37,0.14,5,0.0403,0.897,0.206,0.111,111.81,235
Missing,Amplified Heart,Everything But The Girl,1994-06-13,58,"new wave pop,sophisti-pop,trip hop",0.677,0.484,9,0.0325,0.077,4.71e-05,0.134,123.534,236
It's My Life,It's My Life,Talk Talk,1984,67,"melancholia,new romantic,new wave,new wave pop,sophisti-pop,synthpop",0.627,0.802,0,0.0348,0.197,0.784,0.404,126.283,237
Road to Nowhere,Little Creatures,Talking Heads,1985-07-10,55,"alternative rock,art punk,dance rock,funk rock,new wave,permanent wave,post-punk,rock,zolo",0.661,0.713,2,0.0296,0.0361,2.27e-05,0.153,110.364,238
GUIDE DOG,SCRAPYARD,Quadeca,2024-02-16,0,hyper-rock,0.383,0.323,9,0.0551,0.718,0.000112,0.177,174.918,239
"It's All Over Now, Baby Blue","Farewell, Angelina",Joan Baez,1965,33,"american folk revival,folk,folk rock,singer-songwriter",0.622,0.149,4,0.0368,0.872,0.0,0.106,130.438,240
True Love Will Find You in the End,1990,Daniel Johnston,1990-01-01,50,"alternative rock,anti-folk,chamber pop,countrygaze,lo-fi,melancholia,noise pop,outsider",0.551,0.174,10,0.0358,0.948,1.05e-05,0.107,118.656,241
Lose Me On the Way,Bavarian Fruit Bread,Hope Sandoval & The Warm Inventions,2001-10-23,46,"art pop,dream pop,melancholia",0.273,0.38,1,0.0318,0.0404,0.782,0.108,138.726,242
So Far Away,Tapestry,Carole King,1971,60,"brill building pop,classic rock,folk,folk rock,mellow gold,singer-songwriter,soft rock",0.49,0.172,2,0.0372,0.897,3.32e-05,0.0753,143.837,243
I Am You,Heart Under,Just Mustard,2022-05-27,31,"crank wave,irish indie rock,irish post-punk,irish shoegaze",0.448,0.434,9,0.0273,0.00609,0.936,0.0897,79.118,244
Outstanding - Original 12 Mix,The 12 Collection And More (Funk Essentials),The Gap Band,1999-03-05,56,"disco,funk,motown,post-disco,quiet storm,soul",0.792,0.476,6,0.0412,0.372,0.0157,0.027,98.871,245
i just want to hold her,i'll be okay,sign crushes motorist,2022-08-05,62,corecore,0.721,0.0544,11,0.0467,0.991,0.929,0.103,120.03,246
Can't Do Without You,Our Love,Caribou,2014-10-07,51,"alternative dance,art pop,electronica,folktronica,indietronica,intelligent dance music,trip hop",0.691,0.407,0,0.0473,0.79,0.656,0.783,128.035,247
Do What You Gotta Do,Chapter Two,Roberta Flack,1970,35,"adult standards,classic soul,disco,quiet storm,soft rock,soul,vocal jazz",0.448,0.24,5,0.0301,0.71,0.0,0.132,106.57,248
"Good Luck, Babe!","Good Luck, Babe!",Chappell Roan,2024-04-05,93,indie pop,0.7,0.582,11,0.0356,0.0502,0.0,0.0881,116.712,249
Freak,Girl with Fish,feeble little horse,2023-06-09,47,"hyper-rock,lo-fi indie,pennsylvania shoegaze",0.175,0.72,2,0.0586,0.057,0.0104,0.386,179.05,250
In a Moment Divine,Mondo Tempo,"Freak Heat Waves,Cindy Lee",2023-07-12,38,"canadian post-punk,victoria bc indie,experimental indie,hypnagogic pop",0.779,0.889,10,0.0407,0.00137,0.835,0.108,120.007,251
Fly To You,"Desire, I Want To Turn Into You","Caroline Polachek,Grimes,Dido",2023-02-14,52,"art pop,escape room,indie pop,indietronica,canadian electropop,grave wave,metropopolis,neo-synthpop,dance pop,europop,lilith,neo mellow,pop rock",0.469,0.416,8,0.0418,0.105,0.000581,0.0686,161.045,252
Karma Police,OK Computer,Radiohead,1997-05-28,77,"alternative rock,art rock,melancholia,oxford indie,permanent wave,rock",0.36,0.501,7,0.0258,0.0638,9.32e-05,0.172,74.807,253
Write A List of Things To Look Forward To,"Things Take Time, Take Time",Courtney Barnett,2021-11-12,35,"art pop,australian indie,chamber pop,indie pop,indie rock,melbourne indie,noise pop,seattle indie,singer-songwriter,slacker rock",0.495,0.825,8,0.038,7.07e-05,0.000531,0.0921,151.94,254
3's & 7's,Era Vulgaris,Queens of the Stone Age,2007-01-01,53,"alternative metal,alternative rock,grunge,modern rock,palm desert scene,rock,stoner metal,stoner rock",0.438,0.99,10,0.108,0.0651,0.0222,0.359,131.306,255
Two-Headed Boy,In the Aeroplane Over the Sea,Neutral Milk Hotel,1998-02-20,52,"alternative rock,chamber pop,elephant 6,indie rock,lo-fi,noise pop,slacker rock",0.342,0.613,7,0.0311,0.705,0.0,0.14,145.84,256
360 featuring robyn & yung lean,360 featuring robyn and yung lean,"Charli xcx,Robyn,Yung Lean",2024-05-31,55,"art pop,candy pop,metropopolis,pop,uk pop,dance pop,electropop,neo-synthpop,scandipop,swedish electropop,swedish pop,cloud rap,psychedelic hip hop,underground hip hop",0.928,0.649,0,0.054,0.427,0.000179,0.135,120.011,257
IM NOT GOD BUT I WISH I WAS,IM NOT GOD BUT I WISH I WAS,"smokedope2016,Joeyy",2022-08-18,57,cloud rap,0.394,0.757,8,0.155,0.685,0.0196,0.216,124.254,258
My Sputnik Sweetheart,Come In,Weatherday,2019-04-29,35,"5th wave emo,lo-fi emo,lo-fi indie,noise pop",0.232,0.62,6,0.0385,0.708,0.0691,0.11,104.978,259
King Diamond,Team Sleep,Team Sleep,2005-05-09,32,"alternative metal,sacramento indie",0.576,0.964,6,0.116,0.0285,0.252,0.303,83.088,260
Little Red Corvette,1999,Prince,1982-10-27,49,"funk,funk rock,minneapolis sound,rock,synth funk",0.748,0.746,1,0.111,0.281,3.31e-05,0.632,123.144,261
Easy Lovers,Camille 2000,Piero Piccioni,1998-01-11,62,"classic soundtrack,vintage italian soundtrack",0.344,0.333,0,0.0294,0.9,0.422,0.118,70.225,262
Backwards,LSD and the Search for God,LSD and the Search for God,2007-01-16,44,"american shoegaze,dream pop,nu gaze,shoegaze",0.371,0.727,9,0.0341,0.0224,0.953,0.13,137.401,263
Hit Me Where It Hurts,Pang,Caroline Polachek,2019-10-18,52,"art pop,escape room,indie pop,indietronica",0.732,0.523,4,0.0314,0.133,0.000103,0.264,116.961,264
Swimming,Time 'n' Place,Kero Kero Bonito,2018-10-01,37,"escape room,hyper-rock,japanese electropop",0.679,0.609,2,0.029,0.686,0.0,0.0972,119.998,265
Pyramids,channel ORANGE,Frank Ocean,2012-07-10,76,"lgbtq+ hip hop,neo soul",0.4,0.65,5,0.0466,0.0118,7.62e-05,0.791,107.989,266
Killing Time,Nowhere,Coco And The Bean,1997-01-01,16,,0.683,0.341,2,0.0691,0.0599,0.0353,0.109,172.035,267
Whole Lotta Love,Led Zeppelin II,Led Zeppelin,1969-10-22,72,"album rock,classic rock,hard rock,rock",0.412,0.902,9,0.405,0.0484,0.131,0.405,89.74,268
Lazy Afternoon,The Band And I,Irene Kral,1959-01-01,55,,0.0,0.0379,5,0.0,0.908,0.0,0.108,0.0,269
Highwayman,Highwayman,"The Highwaymen,Willie Nelson,Johnny Cash,Waylon Jennings,Kris Kristofferson",1985-05-01,67,"country,country rock,outlaw country,classic country pop,classic texas country,nashville sound,singer-songwriter,arkansas country,rock",0.67,0.351,2,0.0463,0.48,0.0176,0.115,101.384,270
Poison Tree,Inca Ore / Grouper,Grouper,2008-06-03,76,"ambient,ambient pop,art pop,dream pop,drone,electra,experimental ambient,experimental pop,modern dream pop,spectra",0.224,0.139,11,0.0354,0.961,0.913,0.108,111.316,271
Ram On,Ram,"Paul McCartney,Linda McCartney",1971-05-17,48,"classic rock,mellow gold,rock,soft rock,classic uk pop",0.612,0.407,5,0.0484,0.805,0.79,0.286,128.287,272
Fresh Air,HNDRXX,Future,2017-07-27,44,"atl hip hop,hip hop,rap,southern hip hop,trap",0.817,0.526,0,0.127,0.0223,0.0,0.192,125.014,273
Neptune Estate,6 Feet Beneath The Moon,King Krule,2013-08-24,32,uk alternative pop,0.652,0.657,1,0.233,0.728,0.000263,0.276,79.97,274
i love you very much forever,Horse Jumper of Love,Horse Jumper of Love,2017-04-21,40,"boston indie,countrygaze,new england emo,new england shoegaze,nu gaze,shoegaze,small room",0.479,0.372,3,0.0411,0.496,0.565,0.168,115.55,275
Blackberry Song,Childish Prodigy,Kurt Vile,2009-10-05,50,"art pop,chamber pop,indie rock,modern folk rock,neo-psychedelic,noise pop,philly indie,singer-songwriter",0.536,0.403,1,0.0332,0.869,0.939,0.155,97.882,276
Always On My Mind,Always On My Mind,Willie Nelson,1982-02-01,61,"classic country pop,classic texas country,country,country rock,nashville sound,outlaw country,singer-songwriter",0.524,0.261,2,0.0272,0.755,0.00105,0.144,73.36,277
Diving Woman,Soft Sounds from Another Planet,Japanese Breakfast,2017-07-14,43,"art pop,eugene indie,indie pop,indie rock,philly indie",0.462,0.746,4,0.0384,0.000127,0.634,0.117,120.044,278
Serenade of Water,Untourable Album,Men I Trust,2021-08-25,58,"indie pop,pov: indie",0.638,0.413,8,0.102,0.849,0.905,0.112,159.001,279
"ringtone (Remix)",1000 gecs and The Tree of Clues,"100 gecs,Charli xcx,Rico Nasty,Kero Kero Bonito",2020-07-10,50,"bubblegum bass,hyper-rock,hyperpop,proto-hyperpop,art pop,candy pop,metropopolis,pop,uk pop,alternative r&b,trap queen,escape room,japanese electropop",0.849,0.473,8,0.2,0.115,0.0,0.0488,107.001,280
Wild West End,Dire Straits,Dire Straits,1978-10-07,60,"album rock,classic rock,mellow gold,rock",0.792,0.395,2,0.0379,0.451,0.00148,0.1,132.914,281
Tough,Tough,"Quavo,Lana Del Rey",2024-07-03,78,"atl hip hop,melodic rap,rap,trap,art pop,pop",0.582,0.557,8,0.101,0.452,1.87e-05,0.121,84.989,282
Eye In The Sky,Eye In The Sky,The Alan Parsons Project,1982-06-01,58,"album rock,art rock,classic rock,mellow gold,progressive rock,soft rock,symphonic rock",0.823,0.417,2,0.032,0.562,0.00098,0.0765,111.928,283
Sweet Teeth,Sweet Teeth,rozey,2024-07-03,18,midwest shoegaze,0.319,0.71,10,0.0479,4.67e-06,0.822,0.55,94.06,284
I Go To Sleep,Anika,Anika,2010-11-02,0,"bristol indie,experimental pop",0.597,0.491,9,0.032,0.0228,0.0193,0.0828,141.487,285
Could It Be I'm Falling in Love,Spinners,The Spinners,1973,60,"classic soul,disco,funk,motown,philly soul,quiet storm,soul,southern soul",0.382,0.727,9,0.0861,0.729,0.0,0.196,207.265,286
You And Me,Penny & the Quarters EP,Penny & The Quarters,2011-03-04,56,traditional soul,0.578,0.178,5,0.033,0.946,8.65e-06,0.121,111.555,287
I’ll Have to Say I Love You in a Song,I Got a Name,Jim Croce,1973-12-01,65,"classic rock,country rock,folk,folk rock,mellow gold,singer-songwriter,soft rock",0.537,0.447,9,0.029,0.834,0.0101,0.107,133.794,288
À la fin de l'été,Bubble Gum,Brigitte Bardot,1994-01-01,38,"chanson,ye ye",0.492,0.229,0,0.0405,0.876,0.000291,0.127,119.318,289
Professional,Kiss Land,The Weeknd,2013-09-10,52,"canadian contemporary r&b,canadian pop,pop",0.405,0.619,11,0.0618,0.163,0.000322,0.0788,120.087,290
Love,Van De Velde: Die Vollkommene Ehe & Das Leben Zu Zweit,Peter Thomas Sound Orchester,2009-11-06,21,,0.299,0.159,3,0.0357,0.907,0.836,0.0982,146.217,291
Love and Happiness,I'm Still in Love with You,Al Green,1972-10-23,60,"classic soul,funk,memphis soul,quiet storm,soul,soul blues,southern soul",0.823,0.457,6,0.234,0.206,0.000183,0.0763,99.163,292
Quand Vas Tu Rentrer,Melody's Echo Chamber,Melody's Echo Chamber,2013,37,"dream pop,experimental pop,french psychedelic,french shoegaze,indie rock,neo-psychedelic,noise pop,nu gaze,shiver pop",0.293,0.573,3,0.0323,0.577,0.564,0.0754,92.985,293
Summer Breeze,Seals & Crofts' Greatest Hits,Seals and Crofts,1977-10-11,59,"classic rock,folk rock,mellow gold,singer-songwriter,soft rock,yacht rock",0.49,0.581,5,0.0387,0.553,0.0177,0.0764,88.719,294
Morning Glory,Goodbye And Hello,Tim Buckley,1967,27,"cosmic american,folk,psychedelic folk,singer-songwriter",0.358,0.285,8,0.0325,0.884,0.000477,0.0452,83.858,295
Have You In My Wilderness,Have You In My Wilderness,Julia Holter,2015-09-25,21,"art pop,chamber pop,electra,experimental pop,la indie,spectra",0.22,0.28,4,0.0341,0.616,0.0238,0.332,134.763,296
Ladies and gentlemen we are floating in space,Ladies and gentlemen we are floating in space,Spiritualized,1997-06-16,50,"alternative rock,britpop,chamber pop,noise pop,shoegaze,spacegrunge",0.376,0.41,2,0.034,0.753,0.000543,0.234,100.031,297
Soon-To-Be Innocent Fun/Let's See,World Of Echo,Arthur Russell,1986,31,"art pop,cello,experimental,fourth world,minimalism,modern cello,no wave",0.543,0.142,0,0.067,0.586,0.00889,0.181,101.347,298
Man Is Not A Bird,Haha Sound,Broadcast,2003-08-11,26,"art pop,chamber pop,dream pop,experimental rock,hauntology,indietronica,nu gaze,slowcore",0.356,0.806,2,0.0895,0.133,0.00564,0.105,115.272,299
Yours & Mine,Historian,Lucy Dacus,2018-03-02,41,"art pop,indie pop",0.297,0.385,2,0.0318,0.361,0.000391,0.103,65.82,300
Fly Like An Eagle,Fly Like An Eagle,Steve Miller Band,1976-01-01,62,"album rock,classic rock,hard rock,heartland rock,mellow gold,rock,singer-songwriter,soft rock",0.561,0.754,9,0.112,0.61,0.0194,0.328,100.08,301
summer depression,summer depression,girl in red,2018-03-03,63,"bedroom pop,indie pop,norwegian indie,pov: indie",0.693,0.308,9,0.0442,0.645,0.476,0.127,129.943,302
I Shall Be Released,Music From Big Pink,The Band,1968-07-01,47,"blues rock,classic canadian rock,classic rock,cosmic american,country rock,folk,folk rock,heartland rock,jam band,mellow gold,rock,roots rock,southern rock,swamp rock",0.445,0.376,4,0.0312,0.321,0.0,0.0702,128.19,303
Lovely Day,Menagerie,Bill Withers,1977-10-29,80,"classic soul,funk,quiet storm,soul",0.692,0.651,9,0.0324,0.292,0.00241,0.105,97.923,304
Crushing,Powders,Eartheater,2023-09-20,48,"art pop,electra,escape room,experimental pop,spectra",0.533,0.813,0,0.0595,0.214,0.00335,0.137,76.001,305
Arrival,Ghosts of the Great Highway,Sun Kil Moon,2003-11-04,26,"indie rock,lo-fi,modern folk rock,post-rock,slowcore",0.399,0.399,7,0.0323,0.443,0.976,0.0988,102.918,306
When You're Smiling And Astride Me,"I Love You, Honeybear",Father John Misty,2015-02-10,44,"art pop,chamber pop,indie rock,singer-songwriter,stomp and holler",0.579,0.522,9,0.0253,0.193,3.91e-05,0.117,110.937,307
Be Your Girl,Be Your Girl,"Teedra Moses,KAYTRANADA",2018-05-04,67,"neo soul,alternative r&b,escape room,indie soul,lgbtq+ hip hop",0.861,0.679,6,0.405,0.209,5.53e-06,0.1,115.092,308
Hot Love,Electric Warrior,T. Rex,1971-09-24,41,"classic rock,glam rock,protopunk,rock,singer-songwriter",0.553,0.533,11,0.047,0.116,0.324,0.0944,131.079,309
Art School,In The City,The Jam,1977-05-20,35,"mod revival,new romantic,new wave,punk,ska revival",0.459,0.827,2,0.0451,0.00904,0.0,0.139,98.277,310
Sweet Emotion,Toys In The Attic,Aerosmith,1975-04-08,72,"album rock,classic rock,hard rock,rock",0.379,0.76,9,0.0378,0.00298,0.0296,0.104,99.436,311
Cada Beijo,Bebel Gilberto,Bebel Gilberto,2004-01-01,10,"bossa nova,downtempo",0.607,0.498,1,0.0326,0.858,0.0173,0.0935,104.038,312
A Girl Like You,Gorgeous George,Edwyn Collins,2011-10-19,66,"britpop,scottish new wave,solo wave",0.619,0.781,5,0.0393,0.0245,0.000293,0.402,126.266,313
Paris 1919,Paris 1919,John Cale,1973-02-25,42,"art rock,melancholia,singer-songwriter",0.742,0.321,0,0.0315,0.963,0.0432,0.11,107.349,314
Forget About,Colour Green,Sibylle Baier,2006-01-01,46,new weird america,0.59,0.106,10,0.0332,0.99,0.648,0.11,97.042,315
Always Forever,Static,Cults,2013-10-15,79,"experimental pop,indie surf,pov: indie",0.174,0.742,8,0.0485,0.00181,0.281,0.198,163.378,316
Make It Forever,Slide,George Clanton,2018-08-17,42,"hypnagogic pop,vaporwave",0.407,0.924,5,0.0788,0.0208,0.0605,0.208,168.038,317
Mis,Rules,Alex G,2012-01-15,68,"philly indie,pov: indie,slacker rock",0.536,0.328,0,0.034,0.804,0.318,0.165,61.204,318
Jungle,If You're Reading This It's Too Late,Drake,2015-02-12,71,"canadian hip hop,canadian pop,hip hop,pop rap,rap",0.697,0.235,7,0.0534,0.62,0.000144,0.107,99.947,319
The Passion of Lovers,Mask,Bauhaus,1981,52,"alternative rock,dark wave,dream pop,gothic rock,industrial rock,new wave,post-punk,uk post-punk",0.381,0.517,0,0.0527,0.00389,0.00469,0.282,178.27,320
Zou bisou bisou,"Twistin’ The Rock, Vol. 9",Gillian Hills,2002-01-01,54,ye ye,0.772,0.483,8,0.0381,0.889,0.0102,0.0626,130.989,321
Time (You and I),Mordechai,Khruangbin,2020-06-26,60,"indie soul,neo-psychedelic,world",0.751,0.49,11,0.0455,0.0097,0.15,0.0767,105.418,322
(dream),melanchole,salvia palth,2013-05-06,78,"countrygaze,lo-fi emo,lo-fi indie,pov: indie,slowcore,small room",0.316,0.318,0,0.0339,0.918,0.861,0.119,147.275,323
Pilgrimage,Windswept Adan,Ichiko Aoba,2020-12-02,0,j-acoustic,0.516,0.339,0,0.0337,0.946,0.838,0.0743,80.018,324
Dog,Minecraft - Volume Alpha,C418,2011-03-04,55,"pixel,video game music",0.583,0.529,10,0.038,0.0484,0.917,0.106,112.037,325
Silver Joy,Brothers and Sisters of the Eternal Son,Damien Jurado,2014-01-21,44,"chamber pop,stomp and holler",0.654,0.133,6,0.0443,0.952,0.0753,0.104,76.24,326
Everything Is Embarrassing,"Night Time, My Time",Sky Ferreira,2013-01-01,58,"candy pop,la indie,metropopolis,neo-synthpop",0.667,0.783,0,0.0361,0.0606,1.17e-06,0.0418,117.145,327
Blissful Morning Dream Interpretation Melody,Remote Control,Discovery Zone,2020-06-05,35,experimental indie,0.584,0.733,9,0.0362,0.349,0.867,0.0918,103.953,328
Random Rules,American Water,Silver Jews,1998-10-20,48,"alternative country,alternative rock,chamber pop,gbvfi,indie rock,lo-fi,noise pop,slacker rock",0.575,0.48,0,0.0237,0.468,0.000539,0.0727,105.384,329
je sais pas danser,les failles,Pomme,2019-11-01,52,"french pop,nouvelle chanson francaise",0.633,0.365,6,0.0317,0.867,0.0995,0.11,110.663,330
Sweet,Cigarettes After Sex,Cigarettes After Sex,2017-06-09,81,"ambient pop,dream pop,el paso indie,shoegaze",0.449,0.51,6,0.0278,0.351,0.761,0.139,96.425,331
Love Is Everywhere,Imaginal Disk,Magdalena Bay,2024-08-23,56,la pop,0.576,0.665,9,0.0424,0.0588,0.0469,0.333,90.02,332
Morning Sun,Ode To Quetzalcoatl,Dave Bixby,1969-01-01,46,psychedelic folk,0.314,0.271,4,0.031,0.841,0.00329,0.12,148.461,333
Un Monde Nouveau,Palais d'argile,Feu! Chatterton,2021-03-12,42,"french indie pop,french indietronica,french rock,nouvelle chanson francaise",0.649,0.532,0,0.0316,0.13,0.00114,0.197,107.032,334
Where I'm From,Reachin' (A New Refutation Of Time And Space),Digable Planets,1993-01-01,54,"afrofuturism,east coast hip hop,hip hop,jazz rap,psychedelic hip hop",0.876,0.42,0,0.279,0.188,0.00186,0.0668,98.303,335
Amber,From Chaos,311,2001-06-19,64,"alternative metal,alternative rock,funk metal,funk rock,nu metal,pop rock,rap rock,reggae fusion",0.663,0.697,0,0.0473,0.156,0.0224,0.0663,166.001,336
The Fairest Of The Seasons,Chelsea Girl,Nico,1967-10-09,47,"experimental,melancholia,singer-songwriter",0.349,0.203,6,0.0309,0.958,0.0,0.101,87.856,337
Gold Dust,Stratosphere,Duster,1998-02-24,56,"corecore,dream pop,pov: indie,slowcore",0.58,0.47,3,0.0337,0.863,0.934,0.11,111.459,338
Drawn to the Blood,Carrie & Lowell,Sufjan Stevens,2015-03-31,0,"art pop,baroque pop,chamber pop,indie pop,indie rock,singer-songwriter",0.551,0.0913,10,0.0385,0.953,0.418,0.105,124.005,339
La La Love You,Doolittle,Pixies,1989-04-17,51,"alternative rock,boston rock,permanent wave,rock",0.702,0.653,2,0.0376,0.00089,0.178,0.11,124.499,340
Lonely Fight,Lonely Fight,Mk.gee,2024-08-23,58,experimental r&b,0.451,0.213,7,0.0328,0.808,0.0574,0.0978,114.434,341
Sterling Moss,They Spent Their Wild Youthful Days In The Glittering World Of The Salons,Swirlies,1996,22,"boston rock,new england shoegaze,noise pop,nu gaze,shoegaze",0.61,0.865,8,0.0367,0.00447,0.738,0.104,92.121,342
Liverpool Street In The Rain,"How The Dogs Chill, Vol.1",Mall Grab,2018-09-21,60,"aussietronica,australian house,lo-fi house",0.669,0.801,6,0.0333,0.0104,0.888,0.154,130.042,343
Supersoaker,Trinity,Eartheater,2019-10-18,53,"art pop,electra,escape room,experimental pop,spectra",0.502,0.825,1,0.0367,0.0121,0.689,0.12,177.996,344
Sleeping Lady,Slow Circle,Alex de Grassi,1979-05-01,17,fingerstyle,0.38,0.178,11,0.0367,0.84,0.872,0.106,134.65,345
For Sure,For Sure,Ethel Cain,2024-09-05,53,"countrygaze,indie pop,modern dream pop",0.33,0.392,3,0.0321,0.63,0.52,0.0906,123.0,346
Rotten Apple,Jar Of Flies,Alice In Chains,1994,63,"alternative metal,alternative rock,grunge,hard rock,nu metal,rock",0.31,0.637,3,0.037,0.215,0.116,0.0619,147.4,347
Intentions,Acopia,Acopia,2023-11-24,44,,0.67,0.576,7,0.025,0.377,0.807,0.312,99.967,348
lakes,Mia Gargaret,Gia Margaret,2020-06-12,46,small room,0.391,0.335,5,0.0577,0.967,0.931,0.376,73.722,349
Vanessa,No Depression In Heaven,Midwife,2024-09-06,29,"experimental guitar,nu gaze",0.512,0.278,4,0.0283,0.947,0.779,0.0609,132.851,350
Kinky Love,Flesh Balloon,Pale Saints,1991-06-24,54,"dream pop,dreamgaze,nu gaze,shoegaze",0.374,0.272,1,0.0341,0.13,0.0,0.0641,178.809,351
I Wait for You,1234,alex_g_offline,2023-07-09,75,,0.594,0.304,7,0.036,0.956,0.00579,0.119,122.636,352
Banquet,Silent Alarm,Bloc Party,2005-03-22,57,"alternative dance,alternative rock,dance-punk,indie rock,indietronica,modern rock,neo-synthpop,new rave",0.578,0.892,10,0.0441,0.000139,0.0111,0.215,150.255,353
Truisms 4 Dummies,The Head Hurts but the Heart Knows the Truth,Headache,2023-05-31,47,,0.723,0.687,5,0.0455,0.627,0.0576,0.104,97.999,354
Beetlebum,Blur,Blur,1997-02-10,61,"alternative rock,britpop,madchester,permanent wave,rock",0.542,0.627,0,0.0243,0.0794,0.000517,0.277,89.734,355
鉄鎖,Crumbling,Mid-Air Thief,2018-12-04,11,"folktronica,korean indie rock",0.349,0.774,11,0.14,0.583,0.114,0.422,127.9,356
We Will Always Love You,We Will Always Love You,"The Avalanches,Blood Orange",2020-12-11,46,"alternative dance,australian alternative rock,australian dance,collage pop,electronica,indietronica,new rave,psychedelic hip hop,alternative r&b,art pop,escape room,indie soul,metropopolis",0.535,0.626,2,0.0418,0.4,0.752,0.102,160.106,357
Parsec,Dots And Loops,Stereolab,1997,31,"alternative rock,art pop,experimental,experimental pop,experimental rock,indietronica,neo-psychedelic,no wave,noise pop",0.4,0.741,9,0.052,0.00157,0.776,0.154,88.314,358
Salvation,Feet of Mud,Ivy Knight,2022-07-16,27,,0.466,0.221,7,0.0338,0.96,0.00295,0.124,112.693,359
Black River Mauritius,Mix-Up,Can Candid Band,1976-01-01,6,,0.238,0.294,0,0.0297,0.916,0.447,0.107,86.635,360
Miss You,Miss You,southstar,2022-07-30,63,pop dance,0.682,0.685,6,0.0374,0.0353,0.147,0.261,145.009,361
Soon,Loveless,my bloody valentine,1991-11-04,44,"alternative rock,dream pop,irish shoegaze,noise pop,shoegaze",0.425,0.839,6,0.0385,6.64e-06,0.816,0.433,109.575,362
La montagne,La Montagne,Jean Ferrat,2010-01-01,41,chanson,0.474,0.374,7,0.0312,0.536,0.00885,0.131,114.051,363
Famous Blue Raincoat,Songs Of Love And Hate,Leonard Cohen,1971-03-19,58,"canadian singer-songwriter,melancholia,permanent wave,singer-songwriter",0.474,0.0404,9,0.0387,0.948,0.000263,0.111,119.415,364
Basketball Shoes - Live from the Queen Elizabeth Hall,Ants From Up There,"Black Country, New Road",2022-06-10,35,"crank wave,indie rock,london indie,uk post-punk revival",0.2,0.405,7,0.0395,0.66,0.277,0.142,181.164,365
